{"cameraMode":{"drawMode":0,"name":"Shaded","section":"Shading Mode"},"sceneLighting":true,"audioPlay":false,"sceneViewState":{"showFog":true,"showMaterialUpdate":true,"showSkybox":false,"showFlares":true,"showImageEffects":true,"showParticleSystems":true},"in2DMode":false,"pivot":{"x":-1.3953094482421876,"y":-1.3324460983276368,"z":2.311033248901367},"rotation":{"x":0.044784773141145709,"y":0.9482110142707825,"z":-0.15526898205280305,"w":0.2734849154949188},"size":15.064712524414063,"orthographic":false}