{"cameraMode":{"drawMode":0,"name":"Shaded","section":"Shading Mode"},"sceneLighting":false,"audioPlay":false,"sceneViewState":{"showFog":true,"showMaterialUpdate":true,"showSkybox":false,"showFlares":true,"showImageEffects":true,"showParticleSystems":true},"in2DMode":false,"pivot":{"x":0.210999995470047,"y":2.8559999465942385,"z":1.812999963760376},"rotation":{"x":-0.05069000646471977,"y":0.9145079851150513,"z":-0.38267579674720766,"w":-0.12114045768976212},"size":0.08660249412059784,"orthographic":false}